startDate,endDate,lowerPaymentAmountIncluded,upperPaymentAmountNotIncluded,rateCoefficient,deductionAmount,additionalAmount
20110101,20121231,0,651000,0,0,0
20110101,20121231,651000,1619000,1,650000,0
20110101,20121231,1619000,1620000,0,0,969000
20110101,20121231,1620000,1622000,0,0,970000
20110101,20121231,1622000,1624000,0,0,972000
20110101,20121231,1624000,1628000,0,0,974000
20110101,20121231,1628000,1632000,0,0,976800
20110101,20121231,1632000,1636000,0,0,979200
20110101,20121231,1636000,1640000,0,0,981600
20110101,20121231,1640000,1644000,0,0,984000
20110101,20121231,1644000,1648000,0,0,986400
20110101,20121231,1648000,1652000,0,0,988800
20110101,20121231,1652000,1656000,0,0,991200
20110101,20121231,1656000,1660000,0,0,993600
20110101,20121231,1660000,1664000,0,0,996000
20110101,20121231,1664000,1668000,0,0,998400
20110101,20121231,1668000,1672000,0,0,1000800
20110101,20121231,1672000,1676000,0,0,1003200
20110101,20121231,1676000,1680000,0,0,1005600
20110101,20121231,1680000,1684000,0,0,1008000
20110101,20121231,1684000,1688000,0,0,1010400
20110101,20121231,1688000,1692000,0,0,1012800
20110101,20121231,1692000,1696000,0,0,1015200
20110101,20121231,1696000,1700000,0,0,1017600
20110101,20121231,1700000,1704000,0,0,1020000
20110101,20121231,1704000,1708000,0,0,1022400
20110101,20121231,1708000,1712000,0,0,1024800
20110101,20121231,1712000,1716000,0,0,1027200
20110101,20121231,1716000,1720000,0,0,1029600
20110101,20121231,1720000,1724000,0,0,1032000
20110101,20121231,1724000,1728000,0,0,1034400
20110101,20121231,1728000,1732000,0,0,1036800
20110101,20121231,1732000,1736000,0,0,1039200
20110101,20121231,1736000,1740000,0,0,1041600
20110101,20121231,1740000,1744000,0,0,1044000
20110101,20121231,1744000,1748000,0,0,1046400
20110101,20121231,1748000,1752000,0,0,1048800
20110101,20121231,1752000,1756000,0,0,1051200
20110101,20121231,1756000,1760000,0,0,1053600
20110101,20121231,1760000,1764000,0,0,1056000
20110101,20121231,1764000,1768000,0,0,1058400
20110101,20121231,1768000,1772000,0,0,1060800
20110101,20121231,1772000,1776000,0,0,1063200
20110101,20121231,1776000,1780000,0,0,1065600
20110101,20121231,1780000,1784000,0,0,1068000
20110101,20121231,1784000,1788000,0,0,1070400
20110101,20121231,1788000,1792000,0,0,1072800
20110101,20121231,1792000,1796000,0,0,1075200
20110101,20121231,1796000,1800000,0,0,1077600
20110101,20121231,1800000,1804000,0,0,1080000
20110101,20121231,1804000,1808000,0,0,1082800
20110101,20121231,1808000,1812000,0,0,1085600
20110101,20121231,1812000,1816000,0,0,1088400
20110101,20121231,1816000,1820000,0,0,1091200
20110101,20121231,1820000,1824000,0,0,1094000
20110101,20121231,1824000,1828000,0,0,1096800
20110101,20121231,1828000,1832000,0,0,1099600
20110101,20121231,1832000,1836000,0,0,1102400
20110101,20121231,1836000,1840000,0,0,1105200
20110101,20121231,1840000,1844000,0,0,1108000
20110101,20121231,1844000,1848000,0,0,1110800
20110101,20121231,1848000,1852000,0,0,1113600
20110101,20121231,1852000,1856000,0,0,1116400
20110101,20121231,1856000,1860000,0,0,1119200
20110101,20121231,1860000,1864000,0,0,1122000
20110101,20121231,1864000,1868000,0,0,1124800
20110101,20121231,1868000,1872000,0,0,1127600
20110101,20121231,1872000,1876000,0,0,1130400
20110101,20121231,1876000,1880000,0,0,1133200
20110101,20121231,1880000,1884000,0,0,1136000
20110101,20121231,1884000,1888000,0,0,1138800
20110101,20121231,1888000,1892000,0,0,1141600
20110101,20121231,1892000,1896000,0,0,1144400
20110101,20121231,1896000,1900000,0,0,1147200
20110101,20121231,1900000,1904000,0,0,1150000
20110101,20121231,1904000,1908000,0,0,1152800
20110101,20121231,1908000,1912000,0,0,1155600
20110101,20121231,1912000,1916000,0,0,1158400
20110101,20121231,1916000,1920000,0,0,1161200
20110101,20121231,1920000,1924000,0,0,1164000
20110101,20121231,1924000,1928000,0,0,1166800
20110101,20121231,1928000,1932000,0,0,1169600
20110101,20121231,1932000,1936000,0,0,1172400
20110101,20121231,1936000,1940000,0,0,1175200
20110101,20121231,1940000,1944000,0,0,1178000
20110101,20121231,1944000,1948000,0,0,1180800
20110101,20121231,1948000,1952000,0,0,1183600
20110101,20121231,1952000,1956000,0,0,1186400
20110101,20121231,1956000,1960000,0,0,1189200
20110101,20121231,1960000,1964000,0,0,1192000
20110101,20121231,1964000,1968000,0,0,1194800
20110101,20121231,1968000,1972000,0,0,1197600
20110101,20121231,1972000,1976000,0,0,1200400
20110101,20121231,1976000,1980000,0,0,1203200
20110101,20121231,1980000,1984000,0,0,1206000
20110101,20121231,1984000,1988000,0,0,1208800
20110101,20121231,1988000,1992000,0,0,1211600
20110101,20121231,1992000,1996600,0,0,1214400
20110101,20121231,1996000,2000000,0,0,1217200
20110101,20121231,2000000,2004000,0,0,1220000
20110101,20121231,2004000,2008000,0,0,1222800
20110101,20121231,2008000,2012000,0,0,1225600
20110101,20121231,2012000,2016000,0,0,1228400
20110101,20121231,2016000,2020000,0,0,1231200
20110101,20121231,2020000,2024000,0,0,1234000
20110101,20121231,2024000,2028000,0,0,1236800
20110101,20121231,2028000,2032000,0,0,1239600
20110101,20121231,2032000,2036000,0,0,1242400
20110101,20121231,2036000,2040000,0,0,1245200
20110101,20121231,2040000,2044000,0,0,1248000
20110101,20121231,2044000,2048000,0,0,1250800
20110101,20121231,2048000,2052000,0,0,1253600
20110101,20121231,2052000,2056000,0,0,1256400
20110101,20121231,2056000,2060000,0,0,1259200
20110101,20121231,2060000,2064000,0,0,1262000
20110101,20121231,2064000,2068000,0,0,1264800
20110101,20121231,2068000,2072000,0,0,1267600
20110101,20121231,2072000,2076000,0,0,1270400
20110101,20121231,2076000,2080000,0,0,1273200
20110101,20121231,2080000,2084000,0,0,1276000
20110101,20121231,2084000,2088000,0,0,1278800
20110101,20121231,2088000,2092000,0,0,1281600
20110101,20121231,2092000,2096000,0,0,1284400
20110101,20121231,2096000,2100000,0,0,1287200
20110101,20121231,2100000,2104000,0,0,1290000
20110101,20121231,2104000,2108000,0,0,1292800
20110101,20121231,2108000,2112000,0,0,1295600
20110101,20121231,2112000,2116000,0,0,1298400
20110101,20121231,2116000,2120000,0,0,1301200
20110101,20121231,2120000,2124000,0,0,1304000
20110101,20121231,2124000,2128000,0,0,1306800
20110101,20121231,2128000,2132000,0,0,1309600
20110101,20121231,2132000,2136000,0,0,1312400
20110101,20121231,2136000,2140000,0,0,1315200
20110101,20121231,2140000,2144000,0,0,1318000
20110101,20121231,2144000,2148000,0,0,1320800
20110101,20121231,2148000,2152000,0,0,1323600
20110101,20121231,2152000,2156000,0,0,1326400
20110101,20121231,2156000,2160000,0,0,1329200
20110101,20121231,2160000,2164000,0,0,1332000
20110101,20121231,2164000,2168000,0,0,1334800
20110101,20121231,2168000,2172000,0,0,1337600
20110101,20121231,2172000,2176000,0,0,1340400
20110101,20121231,2176000,2180000,0,0,1343200
20110101,20121231,2180000,2184000,0,0,1346000
20110101,20121231,2184000,2188000,0,0,1348800
20110101,20121231,2188000,2192000,0,0,1351600
20110101,20121231,2192000,2196000,0,0,1354400
20110101,20121231,2196000,2200000,0,0,1357200
20110101,20121231,2200000,2204000,0,0,1360000
20110101,20121231,2204000,2208000,0,0,1362800
20110101,20121231,2208000,2212000,0,0,1365600
20110101,20121231,2212000,2216000,0,0,1368400
20110101,20121231,2216000,2220000,0,0,1371200
20110101,20121231,2220000,2224000,0,0,1374000
20110101,20121231,2224000,2228000,0,0,1376800
20110101,20121231,2228000,2232000,0,0,1379600
20110101,20121231,2232000,2236000,0,0,1382400
20110101,20121231,2236000,2240000,0,0,1385200
20110101,20121231,2240000,2244000,0,0,1388000
20110101,20121231,2244000,2248000,0,0,1390800
20110101,20121231,2248000,2252000,0,0,1393600
20110101,20121231,2252000,2256000,0,0,1396400
20110101,20121231,2256000,2260000,0,0,1399200
20110101,20121231,2260000,2264000,0,0,1402000
20110101,20121231,2264000,2268000,0,0,1404800
20110101,20121231,2268000,2272000,0,0,1407600
20110101,20121231,2272000,2276000,0,0,1410400
20110101,20121231,2276000,2280000,0,0,1413200
20110101,20121231,2280000,2284000,0,0,1416000
20110101,20121231,2284000,2288000,0,0,1418800
20110101,20121231,2288000,2292000,0,0,1421600
20110101,20121231,2292000,2296000,0,0,1424400
20110101,20121231,2296000,2300000,0,0,1427200
20110101,20121231,2300000,2304000,0,0,1430000
20110101,20121231,2304000,2308000,0,0,1432800
20110101,20121231,2308000,2312000,0,0,1435600
20110101,20121231,2312000,2316000,0,0,1438400
20110101,20121231,2316000,2320000,0,0,1441200
20110101,20121231,2320000,2324000,0,0,1444000
20110101,20121231,2324000,2328000,0,0,1446800
20110101,20121231,2328000,2332000,0,0,1449600
20110101,20121231,2332000,2336000,0,0,1452400
20110101,20121231,2336000,2340000,0,0,1455200
20110101,20121231,2340000,2344000,0,0,1458000
20110101,20121231,2344000,2348000,0,0,1460800
20110101,20121231,2348000,2352000,0,0,1463600
20110101,20121231,2352000,2356000,0,0,1466400
20110101,20121231,2356000,2360000,0,0,1469200
20110101,20121231,2360000,2364000,0,0,1472000
20110101,20121231,2364000,2368000,0,0,1474800
20110101,20121231,2368000,2372000,0,0,1477600
20110101,20121231,2372000,2376000,0,0,1480400
20110101,20121231,2376000,2380000,0,0,1483200
20110101,20121231,2380000,2384000,0,0,1486000
20110101,20121231,2384000,2388000,0,0,1488800
20110101,20121231,2388000,2392000,0,0,1491600
20110101,20121231,2392000,2396000,0,0,1494400
20110101,20121231,2396000,2400000,0,0,1497200
20110101,20121231,2400000,2404000,0,0,1500000
20110101,20121231,2404000,2408000,0,0,1502800
20110101,20121231,2408000,2412000,0,0,1505600
20110101,20121231,2412000,2416000,0,0,1508400
20110101,20121231,2416000,2420000,0,0,1511200
20110101,20121231,2420000,2424000,0,0,1514000
20110101,20121231,2424000,2428000,0,0,1516800
20110101,20121231,2428000,2432000,0,0,1519600
20110101,20121231,2432000,2436000,0,0,1522400
20110101,20121231,2436000,2440000,0,0,1525200
20110101,20121231,2440000,2444000,0,0,1528000
20110101,20121231,2444000,2448000,0,0,1530800
20110101,20121231,2448000,2452000,0,0,1533600
20110101,20121231,2452000,2456000,0,0,1536400
20110101,20121231,2456000,2460000,0,0,1539200
20110101,20121231,2460000,2464000,0,0,1542000
20110101,20121231,2464000,2468000,0,0,1544800
20110101,20121231,2468000,2472000,0,0,1547600
20110101,20121231,2472000,2476000,0,0,1550400
20110101,20121231,2476000,2480000,0,0,1553200
20110101,20121231,2480000,2484000,0,0,1556000
20110101,20121231,2484000,2488000,0,0,1558800
20110101,20121231,2488000,2492000,0,0,1561600
20110101,20121231,2492000,2496000,0,0,1564400
20110101,20121231,2496000,2500000,0,0,1567200
20110101,20121231,2500000,2504000,0,0,1570000
20110101,20121231,2504000,2508000,0,0,1572800
20110101,20121231,2508000,2512000,0,0,1575600
20110101,20121231,2512000,2516000,0,0,1578400
20110101,20121231,2516000,2520000,0,0,1581200
20110101,20121231,2520000,2524000,0,0,1584000
20110101,20121231,2524000,2528000,0,0,1586800
20110101,20121231,2528000,2532000,0,0,1589600
20110101,20121231,2532000,2536000,0,0,1592400
20110101,20121231,2536000,2540000,0,0,1595200
20110101,20121231,2540000,2544000,0,0,1598000
20110101,20121231,2544000,2548000,0,0,1600800
20110101,20121231,2548000,2552000,0,0,1603600
20110101,20121231,2552000,2556000,0,0,1606400
20110101,20121231,2556000,2560000,0,0,1609200
20110101,20121231,2560000,2564000,0,0,1612000
20110101,20121231,2564000,2568000,0,0,1614800
20110101,20121231,2568000,2572000,0,0,1617600
20110101,20121231,2572000,2576000,0,0,1620400
20110101,20121231,2576000,2580000,0,0,1623200
20110101,20121231,2580000,2584000,0,0,1626000
20110101,20121231,2584000,2588000,0,0,1628800
20110101,20121231,2588000,2592000,0,0,1631600
20110101,20121231,2592000,2596000,0,0,1634400
20110101,20121231,2596000,2600000,0,0,1637200
20110101,20121231,2600000,2604000,0,0,1640000
20110101,20121231,2604000,2608000,0,0,1642800
20110101,20121231,2608000,2612000,0,0,1645600
20110101,20121231,2612000,2616000,0,0,1648400
20110101,20121231,2616000,2620000,0,0,1651200
20110101,20121231,2620000,2624000,0,0,1654000
20110101,20121231,2624000,2628000,0,0,1656800
20110101,20121231,2628000,2632000,0,0,1659600
20110101,20121231,2632000,2436000,0,0,1662400
20110101,20121231,2636000,2640000,0,0,1665200
20110101,20121231,2640000,2644000,0,0,1668000
20110101,20121231,2644000,2648000,0,0,1670800
20110101,20121231,2648000,2652000,0,0,1673600
20110101,20121231,2652000,2656000,0,0,1676400
20110101,20121231,2656000,2660000,0,0,1679200
20110101,20121231,2660000,2664000,0,0,1682000
20110101,20121231,2664000,2668000,0,0,1684800
20110101,20121231,2668000,2672000,0,0,1687600
20110101,20121231,2672000,2676000,0,0,1690400
20110101,20121231,2676000,2680000,0,0,1693200
20110101,20121231,2680000,2684000,0,0,1696000
20110101,20121231,2684000,2688000,0,0,1698800
20110101,20121231,2688000,2692000,0,0,1701600
20110101,20121231,2692000,2696000,0,0,1704400
20110101,20121231,2696000,2700000,0,0,1707200
20110101,20121231,2700000,2704000,0,0,1710000
20110101,20121231,2704000,2708000,0,0,1712800
20110101,20121231,2708000,2712000,0,0,1715600
20110101,20121231,2712000,2716000,0,0,1718400
20110101,20121231,2716000,2720000,0,0,1721200
20110101,20121231,2720000,2724000,0,0,1724000
20110101,20121231,2724000,2728000,0,0,1726800
20110101,20121231,2728000,2732000,0,0,1729600
20110101,20121231,2732000,2736000,0,0,1732400
20110101,20121231,2736000,2740000,0,0,1735200
20110101,20121231,2740000,2744000,0,0,1738000
20110101,20121231,2744000,2748000,0,0,1740800
20110101,20121231,2748000,2752000,0,0,1743600
20110101,20121231,2752000,2756000,0,0,1746400
20110101,20121231,2756000,2760000,0,0,1749200
20110101,20121231,2760000,2764000,0,0,1752000
20110101,20121231,2764000,2768000,0,0,1754800
20110101,20121231,2768000,2772000,0,0,1757600
20110101,20121231,2772000,2776000,0,0,1760400
20110101,20121231,2776000,2780000,0,0,1763200
20110101,20121231,2780000,2784000,0,0,1766000
20110101,20121231,2784000,2788000,0,0,1768800
20110101,20121231,2788000,2792000,0,0,1771600
20110101,20121231,2792000,2796000,0,0,1774400
20110101,20121231,2796000,2800000,0,0,1777200
20110101,20121231,2800000,2804000,0,0,1780000
20110101,20121231,2804000,2808000,0,0,1782800
20110101,20121231,2808000,2812000,0,0,1785600
20110101,20121231,2812000,2816000,0,0,1788400
20110101,20121231,2816000,2820000,0,0,1791200
20110101,20121231,2820000,2824000,0,0,1794000
20110101,20121231,2824000,2828000,0,0,1796800
20110101,20121231,2828000,2832000,0,0,1799600
20110101,20121231,2832000,2836000,0,0,1802400
20110101,20121231,2836000,2840000,0,0,1805200
20110101,20121231,2840000,2844000,0,0,1808000
20110101,20121231,2844000,2848000,0,0,1810800
20110101,20121231,2848000,2852000,0,0,1813600
20110101,20121231,2852000,2856000,0,0,1816400
20110101,20121231,2856000,2860000,0,0,1819200
20110101,20121231,2860000,2864000,0,0,1822000
20110101,20121231,2864000,2868000,0,0,1824800
20110101,20121231,2868000,2872000,0,0,1827600
20110101,20121231,2872000,2876000,0,0,1830400
20110101,20121231,2876000,2880000,0,0,1833200
20110101,20121231,2880000,2884000,0,0,1836000
20110101,20121231,2884000,2888000,0,0,1838800
20110101,20121231,2888000,2892000,0,0,1841600
20110101,20121231,2892000,2896000,0,0,1844400
20110101,20121231,2896000,2900000,0,0,1847200
20110101,20121231,2900000,2904000,0,0,1850000
20110101,20121231,2904000,2908000,0,0,1852800
20110101,20121231,2908000,2912000,0,0,1855600
20110101,20121231,2912000,2916000,0,0,1858400
20110101,20121231,2916000,2920000,0,0,1861200
20110101,20121231,2920000,2924000,0,0,1864000
20110101,20121231,2924000,2928000,0,0,1866800
20110101,20121231,2928000,2932000,0,0,1869600
20110101,20121231,2932000,2936000,0,0,1872400
20110101,20121231,2936000,2940000,0,0,1875200
20110101,20121231,2940000,2944000,0,0,1878000
20110101,20121231,2944000,2948000,0,0,1880800
20110101,20121231,2948000,2952000,0,0,1883600
20110101,20121231,2952000,2956000,0,0,1886400
20110101,20121231,2956000,2960000,0,0,1889200
20110101,20121231,2960000,2964000,0,0,1892000
20110101,20121231,2964000,2968000,0,0,1894800
20110101,20121231,2968000,2972000,0,0,1897600
20110101,20121231,2972000,2976000,0,0,1900400
20110101,20121231,2976000,2980000,0,0,1903200
20110101,20121231,2980000,2984000,0,0,1906000
20110101,20121231,2984000,2988000,0,0,1908800
20110101,20121231,2988000,2992000,0,0,1911600
20110101,20121231,2992000,2996000,0,0,1914400
20110101,20121231,2996000,3000000,0,0,1917200
20110101,20121231,3000000,3004000,0,0,1920000
20110101,20121231,3004000,3008000,0,0,1922800
20110101,20121231,3008000,3012000,0,0,1925600
20110101,20121231,3012000,3016000,0,0,1928400
20110101,20121231,3016000,3020000,0,0,1931200
20110101,20121231,3020000,3024000,0,0,1934000
20110101,20121231,3024000,3028000,0,0,1936800
20110101,20121231,3028000,3032000,0,0,1939600
20110101,20121231,3032000,3036000,0,0,1942400
20110101,20121231,3036000,3040000,0,0,1945200
20110101,20121231,3040000,3044000,0,0,1948000
20110101,20121231,3044000,3048000,0,0,1950800
20110101,20121231,3048000,3052000,0,0,1953600
20110101,20121231,3052000,3056000,0,0,1956400
20110101,20121231,3056000,3060000,0,0,1959200
20110101,20121231,3060000,3064000,0,0,1962000
20110101,20121231,3064000,3068000,0,0,1964800
20110101,20121231,3068000,3072000,0,0,1967600
20110101,20121231,3072000,3076000,0,0,1970400
20110101,20121231,3076000,3080000,0,0,1973200
20110101,20121231,3080000,3084000,0,0,1976000
20110101,20121231,3084000,3088000,0,0,1978800
20110101,20121231,3088000,3092000,0,0,1981600
20110101,20121231,3092000,3096000,0,0,1984400
20110101,20121231,3096000,3100000,0,0,1987200
20110101,20121231,3100000,3104000,0,0,1990000
20110101,20121231,3104000,3108000,0,0,1992800
20110101,20121231,3108000,3112000,0,0,1995600
20110101,20121231,3112000,3116000,0,0,1998400
20110101,20121231,3116000,3120000,0,0,2001200
20110101,20121231,3120000,3124000,0,0,2004000
20110101,20121231,3124000,3128000,0,0,2006800
20110101,20121231,3128000,3132000,0,0,2009600
20110101,20121231,3132000,3136000,0,0,2012400
20110101,20121231,3136000,3140000,0,0,2015200
20110101,20121231,3140000,3144000,0,0,2018000
20110101,20121231,3144000,3148000,0,0,2020800
20110101,20121231,3148000,3152000,0,0,2023600
20110101,20121231,3152000,3156000,0,0,2026400
20110101,20121231,3156000,3160000,0,0,2029200
20110101,20121231,3160000,3164000,0,0,2032000
20110101,20121231,3164000,3168000,0,0,2034800
20110101,20121231,3168000,3172000,0,0,2037600
20110101,20121231,3172000,3176000,0,0,2040400
20110101,20121231,3176000,3180000,0,0,2043200
20110101,20121231,3180000,3184000,0,0,2046000
20110101,20121231,3184000,3188000,0,0,2048800
20110101,20121231,3188000,3192000,0,0,2051600
20110101,20121231,3192000,3196000,0,0,2054400
20110101,20121231,3196000,3200000,0,0,2057200
20110101,20121231,3200000,3204000,0,0,2060000
20110101,20121231,3204000,3208000,0,0,2062800
20110101,20121231,3208000,3212000,0,0,2065600
20110101,20121231,3212000,3216000,0,0,2068400
20110101,20121231,3216000,3220000,0,0,2071200
20110101,20121231,3220000,3224000,0,0,2074000
20110101,20121231,3224000,3228000,0,0,2076800
20110101,20121231,3228000,3232000,0,0,2079600
20110101,20121231,3232000,3236000,0,0,2082400
20110101,20121231,3236000,3240000,0,0,2085200
20110101,20121231,3240000,3244000,0,0,2088000
20110101,20121231,3244000,3248000,0,0,2090800
20110101,20121231,3248000,3252000,0,0,2093600
20110101,20121231,3252000,3256000,0,0,2096400
20110101,20121231,3256000,3260000,0,0,2099200
20110101,20121231,3260000,3264000,0,0,2102000
20110101,20121231,3264000,3268000,0,0,2104800
20110101,20121231,3268000,3272000,0,0,2107600
20110101,20121231,3272000,3276000,0,0,2110400
20110101,20121231,3276000,3280000,0,0,2113200
20110101,20121231,3280000,3284000,0,0,2116000
20110101,20121231,3284000,3288000,0,0,2118800
20110101,20121231,3288000,3292000,0,0,2121600
20110101,20121231,3292000,3296000,0,0,2124400
20110101,20121231,3296000,3300000,0,0,2127200
20110101,20121231,3300000,3304000,0,0,2130000
20110101,20121231,3304000,3308000,0,0,2132800
20110101,20121231,3308000,3312000,0,0,2135600
20110101,20121231,3312000,3316000,0,0,2138400
20110101,20121231,3316000,3320000,0,0,2141200
20110101,20121231,3320000,3324000,0,0,2144000
20110101,20121231,3324000,3328000,0,0,2146800
20110101,20121231,3328000,3332000,0,0,2149600
20110101,20121231,3332000,3336000,0,0,2152400
20110101,20121231,3336000,3340000,0,0,2155200
20110101,20121231,3340000,3344000,0,0,2158000
20110101,20121231,3344000,3348000,0,0,2160800
20110101,20121231,3348000,3352000,0,0,2163600
20110101,20121231,3352000,3356000,0,0,2166400
20110101,20121231,3356000,3360000,0,0,2169200
20110101,20121231,3360000,3364000,0,0,2172000
20110101,20121231,3364000,3368000,0,0,2174800
20110101,20121231,3368000,3372000,0,0,2177600
20110101,20121231,3372000,3376000,0,0,2180400
20110101,20121231,3376000,3380000,0,0,2183200
20110101,20121231,3380000,3384000,0,0,2186000
20110101,20121231,3384000,3388000,0,0,2188800
20110101,20121231,3388000,3392000,0,0,2191600
20110101,20121231,3392000,3396000,0,0,2194400
20110101,20121231,3396000,3400000,0,0,2197200
20110101,20121231,3400000,3404000,0,0,2200000
20110101,20121231,3404000,3408000,0,0,2202800
20110101,20121231,3408000,3412000,0,0,2205600
20110101,20121231,3412000,3416000,0,0,2208400
20110101,20121231,3416000,3420000,0,0,2211200
20110101,20121231,3420000,3424000,0,0,2214000
20110101,20121231,3424000,3428000,0,0,2216800
20110101,20121231,3428000,3432000,0,0,2219600
20110101,20121231,3432000,3436000,0,0,2222400
20110101,20121231,3436000,3440000,0,0,2225200
20110101,20121231,3440000,3444000,0,0,2228000
20110101,20121231,3444000,3448000,0,0,2230800
20110101,20121231,3448000,3452000,0,0,2233600
20110101,20121231,3452000,3456000,0,0,2236400
20110101,20121231,3456000,3460000,0,0,2239200
20110101,20121231,3460000,3464000,0,0,2242000
20110101,20121231,3464000,3468000,0,0,2244800
20110101,20121231,3468000,3472000,0,0,2247600
20110101,20121231,3472000,3476000,0,0,2250400
20110101,20121231,3476000,3480000,0,0,2253200
20110101,20121231,3480000,3484000,0,0,2256000
20110101,20121231,3484000,3488000,0,0,2258800
20110101,20121231,3488000,3492000,0,0,2261600
20110101,20121231,3492000,3496000,0,0,2264400
20110101,20121231,3496000,3500000,0,0,2267200
20110101,20121231,3500000,3504000,0,0,2270000
20110101,20121231,3504000,3508000,0,0,2272800
20110101,20121231,3508000,3512000,0,0,2275600
20110101,20121231,3512000,3516000,0,0,2278400
20110101,20121231,3516000,3520000,0,0,2281200
20110101,20121231,3520000,3524000,0,0,2284000
20110101,20121231,3524000,3528000,0,0,2286800
20110101,20121231,3528000,3532000,0,0,2289600
20110101,20121231,3532000,3536000,0,0,2292400
20110101,20121231,3536000,3540000,0,0,2295200
20110101,20121231,3540000,3544000,0,0,2298000
20110101,20121231,3544000,3548000,0,0,2300800
20110101,20121231,3548000,3552000,0,0,2303600
20110101,20121231,3552000,3556000,0,0,2306400
20110101,20121231,3556000,3560000,0,0,2309200
20110101,20121231,3560000,3564000,0,0,2312000
20110101,20121231,3564000,3568000,0,0,2314800
20110101,20121231,3568000,3572000,0,0,2317600
20110101,20121231,3572000,3576000,0,0,2320400
20110101,20121231,3576000,3580000,0,0,2323200
20110101,20121231,3580000,3584000,0,0,2326000
20110101,20121231,3584000,3588000,0,0,2328800
20110101,20121231,3588000,3592000,0,0,2331600
20110101,20121231,3592000,3596000,0,0,2334400
20110101,20121231,3596000,3600000,0,0,2337200
20110101,20121231,3600000,3604000,0,0,2340000
20110101,20121231,3604000,3608000,0,0,2343200
20110101,20121231,3608000,3612000,0,0,2346400
20110101,20121231,3612000,3616000,0,0,2349600
20110101,20121231,3616000,3620000,0,0,2352800
20110101,20121231,3620000,3624000,0,0,2356000
20110101,20121231,3624000,3628000,0,0,2359200
20110101,20121231,3628000,3632000,0,0,2362400
20110101,20121231,3632000,3636000,0,0,2365600
20110101,20121231,3636000,3640000,0,0,2368800
20110101,20121231,3640000,3644000,0,0,2372000
20110101,20121231,3644000,3648000,0,0,2375200
20110101,20121231,3648000,3652000,0,0,2378400
20110101,20121231,3652000,3656000,0,0,2381600
20110101,20121231,3656000,3660000,0,0,2384800
20110101,20121231,3660000,3664000,0,0,2388000
20110101,20121231,3664000,3668000,0,0,2391200
20110101,20121231,3668000,3672000,0,0,2394400
20110101,20121231,3672000,3676000,0,0,2397600
20110101,20121231,3676000,3680000,0,0,2400800
20110101,20121231,3680000,3684000,0,0,2404000
20110101,20121231,3684000,3688000,0,0,2407200
20110101,20121231,3688000,3692000,0,0,2410400
20110101,20121231,3692000,3696000,0,0,2413600
20110101,20121231,3696000,3700000,0,0,2416800
20110101,20121231,3700000,3704000,0,0,2420000
20110101,20121231,3704000,3708000,0,0,2423200
20110101,20121231,3708000,3712000,0,0,2426400
20110101,20121231,3712000,3716000,0,0,2429600
20110101,20121231,3716000,3720000,0,0,2432800
20110101,20121231,3720000,3724000,0,0,2436000
20110101,20121231,3724000,3728000,0,0,2439200
20110101,20121231,3728000,3732000,0,0,2442400
20110101,20121231,3732000,3736000,0,0,2445600
20110101,20121231,3736000,3740000,0,0,2448800
20110101,20121231,3740000,3744000,0,0,2452000
20110101,20121231,3744000,3748000,0,0,2455200
20110101,20121231,3748000,3752000,0,0,2458400
20110101,20121231,3752000,3756000,0,0,2461600
20110101,20121231,3756000,3760000,0,0,2464800
20110101,20121231,3760000,3764000,0,0,2468000
20110101,20121231,3764000,3768000,0,0,2471200
20110101,20121231,3768000,3772000,0,0,2474400
20110101,20121231,3772000,3776000,0,0,2477600
20110101,20121231,3776000,3780000,0,0,2480800
20110101,20121231,3780000,3784000,0,0,2484000
20110101,20121231,3784000,3788000,0,0,2487200
20110101,20121231,3788000,3792000,0,0,2490400
20110101,20121231,3792000,3796000,0,0,2493600
20110101,20121231,3796000,3800000,0,0,2496800
20110101,20121231,3800000,3804000,0,0,2500000
20110101,20121231,3804000,3808000,0,0,2503200
20110101,20121231,3808000,3812000,0,0,2506400
20110101,20121231,3812000,3816000,0,0,2509600
20110101,20121231,3816000,3820000,0,0,2512800
20110101,20121231,3820000,3824000,0,0,2516000
20110101,20121231,3824000,3828000,0,0,2519200
20110101,20121231,3828000,3832000,0,0,2522400
20110101,20121231,3832000,3836000,0,0,2525600
20110101,20121231,3836000,3840000,0,0,2528800
20110101,20121231,3840000,3844000,0,0,2532000
20110101,20121231,3844000,3848000,0,0,2535200
20110101,20121231,3848000,3852000,0,0,2538400
20110101,20121231,3852000,3856000,0,0,2541600
20110101,20121231,3856000,3860000,0,0,2544800
20110101,20121231,3860000,3864000,0,0,2548000
20110101,20121231,3864000,3868000,0,0,2551200
20110101,20121231,3868000,3872000,0,0,2554400
20110101,20121231,3872000,3876000,0,0,2557600
20110101,20121231,3876000,3880000,0,0,2560800
20110101,20121231,3880000,3884000,0,0,2564000
20110101,20121231,3884000,3888000,0,0,2567200
20110101,20121231,3888000,3892000,0,0,2570400
20110101,20121231,3892000,3896000,0,0,2573600
20110101,20121231,3896000,3900000,0,0,2576800
20110101,20121231,3900000,3904000,0,0,2580000
20110101,20121231,3904000,3908000,0,0,2583200
20110101,20121231,3908000,3912000,0,0,2586400
20110101,20121231,3912000,3916000,0,0,2589600
20110101,20121231,3916000,3920000,0,0,2592800
20110101,20121231,3920000,3924000,0,0,2596000
20110101,20121231,3924000,3928000,0,0,2599200
20110101,20121231,3928000,3932000,0,0,2602400
20110101,20121231,3932000,3936000,0,0,2605600
20110101,20121231,3936000,3940000,0,0,2608800
20110101,20121231,3940000,3944000,0,0,2612000
20110101,20121231,3944000,3948000,0,0,2615200
20110101,20121231,3948000,3952000,0,0,2618400
20110101,20121231,3952000,3956000,0,0,2621600
20110101,20121231,3956000,3960000,0,0,2624800
20110101,20121231,3960000,3964000,0,0,2628000
20110101,20121231,3964000,3968000,0,0,2631200
20110101,20121231,3968000,3972000,0,0,2634400
20110101,20121231,3972000,3976000,0,0,2637600
20110101,20121231,3976000,3980000,0,0,2640800
20110101,20121231,3980000,3984000,0,0,2644000
20110101,20121231,3984000,3988000,0,0,2647200
20110101,20121231,3988000,3992000,0,0,2650400
20110101,20121231,3992000,3996000,0,0,2653600
20110101,20121231,3996000,4000000,0,0,2656800
20110101,20121231,4000000,4004000,0,0,2660000
20110101,20121231,4004000,4008000,0,0,2663200
20110101,20121231,4008000,4012000,0,0,2666400
20110101,20121231,4012000,4016000,0,0,2669600
20110101,20121231,4016000,4020000,0,0,2672800
20110101,20121231,4020000,4024000,0,0,2676000
20110101,20121231,4024000,4028000,0,0,2679200
20110101,20121231,4028000,4032000,0,0,2682400
20110101,20121231,4032000,4036000,0,0,2685600
20110101,20121231,4036000,4040000,0,0,2688800
20110101,20121231,4040000,4044000,0,0,2692000
20110101,20121231,4044000,4048000,0,0,2695200
20110101,20121231,4048000,4052000,0,0,2698400
20110101,20121231,4052000,4056000,0,0,2701600
20110101,20121231,4056000,4060000,0,0,2704800
20110101,20121231,4060000,4064000,0,0,2708000
20110101,20121231,4064000,4068000,0,0,2711200
20110101,20121231,4068000,4072000,0,0,2714400
20110101,20121231,4072000,4076000,0,0,2717600
20110101,20121231,4076000,4080000,0,0,2720800
20110101,20121231,4080000,4084000,0,0,2724000
20110101,20121231,4084000,4088000,0,0,2727200
20110101,20121231,4088000,4092000,0,0,2730400
20110101,20121231,4092000,4096000,0,0,2733600
20110101,20121231,4096000,4100000,0,0,2736800
20110101,20121231,4100000,4104000,0,0,2740000
20110101,20121231,4104000,4108000,0,0,2743200
20110101,20121231,4108000,4112000,0,0,2746400
20110101,20121231,4112000,4116000,0,0,2749600
20110101,20121231,4116000,4120000,0,0,2752800
20110101,20121231,4120000,4124000,0,0,2756000
20110101,20121231,4124000,4128000,0,0,2759200
20110101,20121231,4128000,4132000,0,0,2762400
20110101,20121231,4132000,4136000,0,0,2765600
20110101,20121231,4136000,4140000,0,0,2768800
20110101,20121231,4140000,4144000,0,0,2772000
20110101,20121231,4144000,4148000,0,0,2775200
20110101,20121231,4148000,4152000,0,0,2778400
20110101,20121231,4152000,4156000,0,0,2781600
20110101,20121231,4156000,4160000,0,0,2784800
20110101,20121231,4160000,4164000,0,0,2788000
20110101,20121231,4164000,4168000,0,0,2791200
20110101,20121231,4168000,4172000,0,0,2794400
20110101,20121231,4172000,4176000,0,0,2797600
20110101,20121231,4176000,4180000,0,0,2800800
20110101,20121231,4180000,4184000,0,0,2804000
20110101,20121231,4184000,4188000,0,0,2807200
20110101,20121231,4188000,4192000,0,0,2810400
20110101,20121231,4192000,4196000,0,0,2813600
20110101,20121231,4196000,4200000,0,0,2816800
20110101,20121231,4200000,4204000,0,0,2820000
20110101,20121231,4204000,4208000,0,0,2823200
20110101,20121231,4208000,4212000,0,0,2826400
20110101,20121231,4212000,4216000,0,0,2829600
20110101,20121231,4216000,4220000,0,0,2832800
20110101,20121231,4220000,4224000,0,0,2836000
20110101,20121231,4224000,4228000,0,0,2839200
20110101,20121231,4228000,4232000,0,0,2842400
20110101,20121231,4232000,4236000,0,0,2845600
20110101,20121231,4236000,4240000,0,0,2848800
20110101,20121231,4240000,4244000,0,0,2852000
20110101,20121231,4244000,4248000,0,0,2855200
20110101,20121231,4248000,4252000,0,0,2858400
20110101,20121231,4252000,4256000,0,0,2861600
20110101,20121231,4256000,4260000,0,0,2864800
20110101,20121231,4260000,4264000,0,0,2868000
20110101,20121231,4264000,4268000,0,0,2871200
20110101,20121231,4268000,4272000,0,0,2874400
20110101,20121231,4272000,4276000,0,0,2877600
20110101,20121231,4276000,4280000,0,0,2880800
20110101,20121231,4280000,4284000,0,0,2884000
20110101,20121231,4284000,4288000,0,0,2887200
20110101,20121231,4288000,4292000,0,0,2890400
20110101,20121231,4292000,4296000,0,0,2893600
20110101,20121231,4296000,4300000,0,0,2896800
20110101,20121231,4300000,4304000,0,0,2900000
20110101,20121231,4304000,4308000,0,0,2903200
20110101,20121231,4308000,4312000,0,0,2906400
20110101,20121231,4312000,4316000,0,0,2909600
20110101,20121231,4316000,4320000,0,0,2912800
20110101,20121231,4320000,4324000,0,0,2916000
20110101,20121231,4324000,4328000,0,0,2919200
20110101,20121231,4328000,4332000,0,0,2922400
20110101,20121231,4332000,4336000,0,0,2925600
20110101,20121231,4336000,4340000,0,0,2928800
20110101,20121231,4340000,4344000,0,0,2932000
20110101,20121231,4344000,4348000,0,0,2935200
20110101,20121231,4348000,4352000,0,0,2938400
20110101,20121231,4352000,4356000,0,0,2941600
20110101,20121231,4356000,4360000,0,0,2944800
20110101,20121231,4360000,4364000,0,0,2948000
20110101,20121231,4364000,4368000,0,0,2951200
20110101,20121231,4368000,4372000,0,0,2954400
20110101,20121231,4372000,4376000,0,0,2957600
20110101,20121231,4376000,4380000,0,0,2960800
20110101,20121231,4380000,4384000,0,0,2964000
20110101,20121231,4384000,4388000,0,0,2967200
20110101,20121231,4388000,4392000,0,0,2970400
20110101,20121231,4392000,4396000,0,0,2973600
20110101,20121231,4396000,4400000,0,0,2976800
20110101,20121231,4400000,4404000,0,0,2980000
20110101,20121231,4404000,4408000,0,0,2983200
20110101,20121231,4408000,4412000,0,0,2986400
20110101,20121231,4412000,4416000,0,0,2989600
20110101,20121231,4416000,4420000,0,0,2992800
20110101,20121231,4420000,4424000,0,0,2996000
20110101,20121231,4424000,4428000,0,0,2999200
20110101,20121231,4428000,4432000,0,0,3002400
20110101,20121231,4432000,4436000,0,0,3005600
20110101,20121231,4436000,4440000,0,0,3008800
20110101,20121231,4440000,4444000,0,0,3012000
20110101,20121231,4444000,4448000,0,0,3015200
20110101,20121231,4448000,4452000,0,0,3018400
20110101,20121231,4452000,4456000,0,0,3021600
20110101,20121231,4456000,4460000,0,0,3024800
20110101,20121231,4460000,4464000,0,0,3028000
20110101,20121231,4464000,4468000,0,0,3031200
20110101,20121231,4468000,4472000,0,0,3034400
20110101,20121231,4472000,4476000,0,0,3037600
20110101,20121231,4476000,4480000,0,0,3040800
20110101,20121231,4480000,4484000,0,0,3044000
20110101,20121231,4484000,4488000,0,0,3047200
20110101,20121231,4488000,4492000,0,0,3050400
20110101,20121231,4492000,4496000,0,0,3053600
20110101,20121231,4496000,4500000,0,0,3056800
20110101,20121231,4500000,4504000,0,0,3060000
20110101,20121231,4504000,4508000,0,0,3063200
20110101,20121231,4508000,4512000,0,0,3066400
20110101,20121231,4512000,4516000,0,0,3069600
20110101,20121231,4516000,4520000,0,0,3072800
20110101,20121231,4520000,4524000,0,0,3076000
20110101,20121231,4524000,4528000,0,0,3079200
20110101,20121231,4528000,4532000,0,0,3082400
20110101,20121231,4532000,4536000,0,0,3085600
20110101,20121231,4536000,4540000,0,0,3088800
20110101,20121231,4540000,4544000,0,0,3092000
20110101,20121231,4544000,4548000,0,0,3095200
20110101,20121231,4548000,4552000,0,0,3098400
20110101,20121231,4552000,4556000,0,0,3101600
20110101,20121231,4556000,4560000,0,0,3104800
20110101,20121231,4560000,4564000,0,0,3108000
20110101,20121231,4564000,4568000,0,0,3111200
20110101,20121231,4568000,4572000,0,0,3114400
20110101,20121231,4572000,4576000,0,0,3117600
20110101,20121231,4576000,4580000,0,0,3120800
20110101,20121231,4580000,4584000,0,0,3124000
20110101,20121231,4584000,4588000,0,0,3127200
20110101,20121231,4588000,4592000,0,0,3130400
20110101,20121231,4592000,4596000,0,0,3133600
20110101,20121231,4596000,4600000,0,0,3136800
20110101,20121231,4600000,4604000,0,0,3140000
20110101,20121231,4604000,4608000,0,0,3143200
20110101,20121231,4608000,4612000,0,0,3146400
20110101,20121231,4612000,4616000,0,0,3149600
20110101,20121231,4616000,4620000,0,0,3152800
20110101,20121231,4620000,4624000,0,0,3156000
20110101,20121231,4624000,4628000,0,0,3159200
20110101,20121231,4628000,4632000,0,0,3162400
20110101,20121231,4632000,4636000,0,0,3165600
20110101,20121231,4636000,4640000,0,0,3168800
20110101,20121231,4640000,4644000,0,0,3172000
20110101,20121231,4644000,4648000,0,0,3175200
20110101,20121231,4648000,4652000,0,0,3178400
20110101,20121231,4652000,4656000,0,0,3181600
20110101,20121231,4656000,4660000,0,0,3184800
20110101,20121231,4660000,4664000,0,0,3188000
20110101,20121231,4664000,4668000,0,0,3191200
20110101,20121231,4668000,4672000,0,0,3194400
20110101,20121231,4672000,4676000,0,0,3197600
20110101,20121231,4676000,4680000,0,0,3200800
20110101,20121231,4680000,4684000,0,0,3204000
20110101,20121231,4684000,4688000,0,0,3207200
20110101,20121231,4688000,4692000,0,0,3210400
20110101,20121231,4692000,4696000,0,0,3213600
20110101,20121231,4696000,4700000,0,0,3216800
20110101,20121231,4700000,4704000,0,0,3220000
20110101,20121231,4704000,4708000,0,0,3223200
20110101,20121231,4708000,4712000,0,0,3226400
20110101,20121231,4712000,4716000,0,0,3229600
20110101,20121231,4716000,4720000,0,0,3232800
20110101,20121231,4720000,4724000,0,0,3236000
20110101,20121231,4724000,4728000,0,0,3239200
20110101,20121231,4728000,4732000,0,0,3242400
20110101,20121231,4732000,4736000,0,0,3245600
20110101,20121231,4736000,4740000,0,0,3248800
20110101,20121231,4740000,4744000,0,0,3252000
20110101,20121231,4744000,4748000,0,0,3255200
20110101,20121231,4748000,4752000,0,0,3258400
20110101,20121231,4752000,4756000,0,0,3261600
20110101,20121231,4756000,4760000,0,0,3264800
20110101,20121231,4760000,4764000,0,0,3268000
20110101,20121231,4764000,4768000,0,0,3271200
20110101,20121231,4768000,4772000,0,0,3274400
20110101,20121231,4772000,4776000,0,0,3277600
20110101,20121231,4776000,4780000,0,0,3280800
20110101,20121231,4780000,4784000,0,0,3284000
20110101,20121231,4784000,4788000,0,0,3287200
20110101,20121231,4788000,4792000,0,0,3290400
20110101,20121231,4792000,4796000,0,0,3293600
20110101,20121231,4796000,4800000,0,0,3296800
20110101,20121231,4800000,4804000,0,0,3300000
20110101,20121231,4804000,4808000,0,0,3303200
20110101,20121231,4808000,4812000,0,0,3306400
20110101,20121231,4812000,4816000,0,0,3309600
20110101,20121231,4816000,4820000,0,0,3312800
20110101,20121231,4820000,4824000,0,0,3316000
20110101,20121231,4824000,4828000,0,0,3319200
20110101,20121231,4828000,4832000,0,0,3322400
20110101,20121231,4832000,4836000,0,0,3325600
20110101,20121231,4836000,4840000,0,0,3328800
20110101,20121231,4840000,4844000,0,0,3332000
20110101,20121231,4844000,4848000,0,0,3335200
20110101,20121231,4848000,4852000,0,0,3338400
20110101,20121231,4852000,4856000,0,0,3341600
20110101,20121231,4856000,4860000,0,0,3344800
20110101,20121231,4860000,4864000,0,0,3348000
20110101,20121231,4864000,4868000,0,0,3351200
20110101,20121231,4868000,4872000,0,0,3354400
20110101,20121231,4872000,4876000,0,0,3357600
20110101,20121231,4876000,4880000,0,0,3360800
20110101,20121231,4880000,4884000,0,0,3364000
20110101,20121231,4884000,4888000,0,0,3367200
20110101,20121231,4888000,4892000,0,0,3370400
20110101,20121231,4892000,4896000,0,0,3373600
20110101,20121231,4896000,4900000,0,0,3376800
20110101,20121231,4900000,4904000,0,0,3380000
20110101,20121231,4904000,4908000,0,0,3383200
20110101,20121231,4908000,4912000,0,0,3386400
20110101,20121231,4912000,4916000,0,0,3389600
20110101,20121231,4916000,4920000,0,0,3392800
20110101,20121231,4920000,4924000,0,0,3396000
20110101,20121231,4924000,4928000,0,0,3399200
20110101,20121231,4928000,4932000,0,0,3402400
20110101,20121231,4932000,4936000,0,0,3405600
20110101,20121231,4936000,4940000,0,0,3408800
20110101,20121231,4940000,4944000,0,0,3412000
20110101,20121231,4944000,4948000,0,0,3415200
20110101,20121231,4948000,4952000,0,0,3418400
20110101,20121231,4952000,4956000,0,0,3421600
20110101,20121231,4956000,4960000,0,0,3424800
20110101,20121231,4960000,4964000,0,0,3428000
20110101,20121231,4964000,4968000,0,0,3431200
20110101,20121231,4968000,4972000,0,0,3434400
20110101,20121231,4972000,4976000,0,0,3437600
20110101,20121231,4976000,4980000,0,0,3440800
20110101,20121231,4980000,4984000,0,0,3444000
20110101,20121231,4984000,4988000,0,0,3447200
20110101,20121231,4988000,4992000,0,0,3450400
20110101,20121231,4992000,4996000,0,0,3453600
20110101,20121231,4996000,5000000,0,0,3456800
20110101,20121231,5000000,5004000,0,0,3460000
20110101,20121231,5004000,5008000,0,0,3463200
20110101,20121231,5008000,5012000,0,0,3466400
20110101,20121231,5012000,5016000,0,0,3469600
20110101,20121231,5016000,5020000,0,0,3472800
20110101,20121231,5020000,5024000,0,0,3476000
20110101,20121231,5024000,5028000,0,0,3479200
20110101,20121231,5028000,5032000,0,0,3482400
20110101,20121231,5032000,5036000,0,0,3485600
20110101,20121231,5036000,5040000,0,0,3488800
20110101,20121231,5040000,5044000,0,0,3492000
20110101,20121231,5044000,5048000,0,0,3495200
20110101,20121231,5048000,5052000,0,0,3498400
20110101,20121231,5052000,5056000,0,0,3501600
20110101,20121231,5056000,5060000,0,0,3504800
20110101,20121231,5060000,5064000,0,0,3508000
20110101,20121231,5064000,5068000,0,0,3511200
20110101,20121231,5068000,5072000,0,0,3514400
20110101,20121231,5072000,5076000,0,0,3517600
20110101,20121231,5076000,5080000,0,0,3520800
20110101,20121231,5080000,5084000,0,0,3524000
20110101,20121231,5084000,5088000,0,0,3527200
20110101,20121231,5088000,5092000,0,0,3530400
20110101,20121231,5092000,5096000,0,0,3533600
20110101,20121231,5096000,5100000,0,0,3536800
20110101,20121231,5100000,5104000,0,0,3540000
20110101,20121231,5104000,5108000,0,0,3543200
20110101,20121231,5108000,5112000,0,0,3546400
20110101,20121231,5112000,5116000,0,0,3549600
20110101,20121231,5116000,5120000,0,0,3552800
20110101,20121231,5120000,5124000,0,0,3556000
20110101,20121231,5124000,5128000,0,0,3559200
20110101,20121231,5128000,5132000,0,0,3562400
20110101,20121231,5132000,5136000,0,0,3565600
20110101,20121231,5136000,5140000,0,0,3568800
20110101,20121231,5140000,5144000,0,0,3572000
20110101,20121231,5144000,5148000,0,0,3575200
20110101,20121231,5148000,5152000,0,0,3578400
20110101,20121231,5152000,5156000,0,0,3581600
20110101,20121231,5156000,5160000,0,0,3584800
20110101,20121231,5160000,5164000,0,0,3588000
20110101,20121231,5164000,5168000,0,0,3591200
20110101,20121231,5168000,5172000,0,0,3594400
20110101,20121231,5172000,5176000,0,0,3597600
20110101,20121231,5176000,5180000,0,0,3600800
20110101,20121231,5180000,5184000,0,0,3604000
20110101,20121231,5184000,5188000,0,0,3607200
20110101,20121231,5188000,5192000,0,0,3610400
20110101,20121231,5192000,5196000,0,0,3613600
20110101,20121231,5196000,5200000,0,0,3616800
20110101,20121231,5200000,5204000,0,0,3620000
20110101,20121231,5204000,5208000,0,0,3623200
20110101,20121231,5208000,5212000,0,0,3626400
20110101,20121231,5212000,5216000,0,0,3629600
20110101,20121231,5216000,5220000,0,0,3632800
20110101,20121231,5220000,5224000,0,0,3636000
20110101,20121231,5224000,5228000,0,0,3639200
20110101,20121231,5228000,5232000,0,0,3642400
20110101,20121231,5232000,5236000,0,0,3645600
20110101,20121231,5236000,5240000,0,0,3648800
20110101,20121231,5240000,5244000,0,0,3652000
20110101,20121231,5244000,5248000,0,0,3655200
20110101,20121231,5248000,5252000,0,0,3658400
20110101,20121231,5252000,5256000,0,0,3661600
20110101,20121231,5256000,5260000,0,0,3664800
20110101,20121231,5260000,5264000,0,0,3668000
20110101,20121231,5264000,5268000,0,0,3671200
20110101,20121231,5268000,5272000,0,0,3674400
20110101,20121231,5272000,5276000,0,0,3677600
20110101,20121231,5276000,5280000,0,0,3680800
20110101,20121231,5280000,5284000,0,0,3684000
20110101,20121231,5284000,5288000,0,0,3687200
20110101,20121231,5288000,5292000,0,0,3690400
20110101,20121231,5292000,5296000,0,0,3693600
20110101,20121231,5296000,5300000,0,0,3696800
20110101,20121231,5300000,5304000,0,0,3700000
20110101,20121231,5304000,5308000,0,0,3703200
20110101,20121231,5308000,5312000,0,0,3706400
20110101,20121231,5312000,5316000,0,0,3709600
20110101,20121231,5316000,5320000,0,0,3712800
20110101,20121231,5320000,5324000,0,0,3716000
20110101,20121231,5324000,5328000,0,0,3719200
20110101,20121231,5328000,5332000,0,0,3722400
20110101,20121231,5332000,5336000,0,0,3725600
20110101,20121231,5336000,5340000,0,0,3728800
20110101,20121231,5340000,5344000,0,0,3732000
20110101,20121231,5344000,5348000,0,0,3735200
20110101,20121231,5348000,5352000,0,0,3738400
20110101,20121231,5352000,5356000,0,0,3741600
20110101,20121231,5356000,5360000,0,0,3744800
20110101,20121231,5360000,5364000,0,0,3748000
20110101,20121231,5364000,5368000,0,0,3751200
20110101,20121231,5368000,5372000,0,0,3754400
20110101,20121231,5372000,5376000,0,0,3757600
20110101,20121231,5376000,5380000,0,0,3760800
20110101,20121231,5380000,5384000,0,0,3764000
20110101,20121231,5384000,5388000,0,0,3767200
20110101,20121231,5388000,5392000,0,0,3770400
20110101,20121231,5392000,5396000,0,0,3773600
20110101,20121231,5396000,5400000,0,0,3776800
20110101,20121231,5400000,5404000,0,0,3780000
20110101,20121231,5404000,5408000,0,0,3783200
20110101,20121231,5408000,5412000,0,0,3786400
20110101,20121231,5412000,5416000,0,0,3789600
20110101,20121231,5416000,5420000,0,0,3792800
20110101,20121231,5420000,5424000,0,0,3796000
20110101,20121231,5424000,5428000,0,0,3799200
20110101,20121231,5428000,5432000,0,0,3802400
20110101,20121231,5432000,5436000,0,0,3805600
20110101,20121231,5436000,5440000,0,0,3808800
20110101,20121231,5440000,5444000,0,0,3812000
20110101,20121231,5444000,5448000,0,0,3815200
20110101,20121231,5448000,5452000,0,0,3818400
20110101,20121231,5452000,5456000,0,0,3821600
20110101,20121231,5456000,5460000,0,0,3824800
20110101,20121231,5460000,5464000,0,0,3828000
20110101,20121231,5464000,5468000,0,0,3831200
20110101,20121231,5468000,5472000,0,0,3834400
20110101,20121231,5472000,5476000,0,0,3837600
20110101,20121231,5476000,5480000,0,0,3840800
20110101,20121231,5480000,5484000,0,0,3844000
20110101,20121231,5484000,5488000,0,0,3847200
20110101,20121231,5488000,5492000,0,0,3850400
20110101,20121231,5492000,5496000,0,0,3853600
20110101,20121231,5496000,5500000,0,0,3856800
20110101,20121231,5500000,5504000,0,0,3860000
20110101,20121231,5504000,5508000,0,0,3863200
20110101,20121231,5508000,5512000,0,0,3866400
20110101,20121231,5512000,5516000,0,0,3869600
20110101,20121231,5516000,5520000,0,0,3872800
20110101,20121231,5520000,5524000,0,0,3876000
20110101,20121231,5524000,5528000,0,0,3879200
20110101,20121231,5528000,5532000,0,0,3882400
20110101,20121231,5532000,5536000,0,0,3885600
20110101,20121231,5536000,5540000,0,0,3888800
20110101,20121231,5540000,5544000,0,0,3892000
20110101,20121231,5544000,5548000,0,0,3895200
20110101,20121231,5548000,5552000,0,0,3898400
20110101,20121231,5552000,5556000,0,0,3901600
20110101,20121231,5556000,5560000,0,0,3904800
20110101,20121231,5560000,5564000,0,0,3908000
20110101,20121231,5564000,5568000,0,0,3911200
20110101,20121231,5568000,5572000,0,0,3914400
20110101,20121231,5572000,5576000,0,0,3917600
20110101,20121231,5576000,5580000,0,0,3920800
20110101,20121231,5580000,5584000,0,0,3924000
20110101,20121231,5584000,5588000,0,0,3927200
20110101,20121231,5588000,5592000,0,0,3930400
20110101,20121231,5592000,5596000,0,0,3933600
20110101,20121231,5596000,5600000,0,0,3936800
20110101,20121231,5600000,5604000,0,0,3940000
20110101,20121231,5604000,5608000,0,0,3943200
20110101,20121231,5608000,5612000,0,0,3946400
20110101,20121231,5612000,5616000,0,0,3949600
20110101,20121231,5616000,5620000,0,0,3952800
20110101,20121231,5620000,5624000,0,0,3956000
20110101,20121231,5624000,5628000,0,0,3959200
20110101,20121231,5628000,5632000,0,0,3962400
20110101,20121231,5632000,5636000,0,0,3965600
20110101,20121231,5636000,5640000,0,0,3968800
20110101,20121231,5640000,5644000,0,0,3972000
20110101,20121231,5644000,5648000,0,0,3975200
20110101,20121231,5648000,5652000,0,0,3978400
20110101,20121231,5652000,5656000,0,0,3981600
20110101,20121231,5656000,5660000,0,0,3984800
20110101,20121231,5660000,5664000,0,0,3988000
20110101,20121231,5664000,5668000,0,0,3991200
20110101,20121231,5668000,5672000,0,0,3994400
20110101,20121231,5672000,5676000,0,0,3997600
20110101,20121231,5676000,5680000,0,0,4000800
20110101,20121231,5680000,5684000,0,0,4004000
20110101,20121231,5684000,5688000,0,0,4007200
20110101,20121231,5688000,5692000,0,0,4010400
20110101,20121231,5692000,5696000,0,0,4013600
20110101,20121231,5696000,5700000,0,0,4016800
20110101,20121231,5700000,5704000,0,0,4020000
20110101,20121231,5704000,5708000,0,0,4023200
20110101,20121231,5708000,5712000,0,0,4026400
20110101,20121231,5712000,5716000,0,0,4029600
20110101,20121231,5716000,5720000,0,0,4032800
20110101,20121231,5720000,5724000,0,0,4036000
20110101,20121231,5724000,5728000,0,0,4039200
20110101,20121231,5728000,5732000,0,0,4042400
20110101,20121231,5732000,5736000,0,0,4045600
20110101,20121231,5736000,5740000,0,0,4048800
20110101,20121231,5740000,5744000,0,0,4052000
20110101,20121231,5744000,5748000,0,0,4055200
20110101,20121231,5748000,5752000,0,0,4058400
20110101,20121231,5752000,5756000,0,0,4061600
20110101,20121231,5756000,5760000,0,0,4064800
20110101,20121231,5760000,5764000,0,0,4068000
20110101,20121231,5764000,5768000,0,0,4071200
20110101,20121231,5768000,5772000,0,0,4074400
20110101,20121231,5772000,5776000,0,0,4077600
20110101,20121231,5776000,5780000,0,0,4080800
20110101,20121231,5780000,5784000,0,0,4084000
20110101,20121231,5784000,5788000,0,0,4087200
20110101,20121231,5788000,5792000,0,0,4090400
20110101,20121231,5792000,5796000,0,0,4093600
20110101,20121231,5796000,5800000,0,0,4096800
20110101,20121231,5800000,5804000,0,0,4100000
20110101,20121231,5804000,5808000,0,0,4103200
20110101,20121231,5808000,5812000,0,0,4106400
20110101,20121231,5812000,5816000,0,0,4109600
20110101,20121231,5816000,5820000,0,0,4112800
20110101,20121231,5820000,5824000,0,0,4116000
20110101,20121231,5824000,5828000,0,0,4119200
20110101,20121231,5828000,5832000,0,0,4122400
20110101,20121231,5832000,5836000,0,0,4125600
20110101,20121231,5836000,5840000,0,0,4128800
20110101,20121231,5840000,5844000,0,0,4132000
20110101,20121231,5844000,5848000,0,0,4135200
20110101,20121231,5848000,5852000,0,0,4138400
20110101,20121231,5852000,5856000,0,0,4141600
20110101,20121231,5856000,5860000,0,0,4144800
20110101,20121231,5860000,5864000,0,0,4148000
20110101,20121231,5864000,5868000,0,0,4151200
20110101,20121231,5868000,5872000,0,0,4154400
20110101,20121231,5872000,5876000,0,0,4157600
20110101,20121231,5876000,5880000,0,0,4160800
20110101,20121231,5880000,5884000,0,0,4164000
20110101,20121231,5884000,5888000,0,0,4167200
20110101,20121231,5888000,5892000,0,0,4170400
20110101,20121231,5892000,5896000,0,0,4173600
20110101,20121231,5896000,5900000,0,0,4176800
20110101,20121231,5900000,5904000,0,0,4180000
20110101,20121231,5904000,5908000,0,0,4183200
20110101,20121231,5908000,5912000,0,0,4186400
20110101,20121231,5912000,5916000,0,0,4189600
20110101,20121231,5916000,5920000,0,0,4192800
20110101,20121231,5920000,5924000,0,0,4196000
20110101,20121231,5924000,5928000,0,0,4199200
20110101,20121231,5928000,5932000,0,0,4202400
20110101,20121231,5932000,5936000,0,0,4205600
20110101,20121231,5936000,5940000,0,0,4208800
20110101,20121231,5940000,5944000,0,0,4212000
20110101,20121231,5944000,5948000,0,0,4215200
20110101,20121231,5948000,5952000,0,0,4218400
20110101,20121231,5952000,5956000,0,0,4221600
20110101,20121231,5956000,5960000,0,0,4224800
20110101,20121231,5960000,5964000,0,0,4228000
20110101,20121231,5964000,5968000,0,0,4231200
20110101,20121231,5968000,5972000,0,0,4234400
20110101,20121231,5972000,5976000,0,0,4237600
20110101,20121231,5976000,5980000,0,0,4240800
20110101,20121231,5980000,5984000,0,0,4244000
20110101,20121231,5984000,5988000,0,0,4247200
20110101,20121231,5988000,5992000,0,0,4250400
20110101,20121231,5992000,5996000,0,0,4253600
20110101,20121231,5996000,6000000,0,0,4256800
20110101,20121231,6000000,6004000,0,0,4260000
20110101,20121231,6004000,6008000,0,0,4263200
20110101,20121231,6008000,6012000,0,0,4266400
20110101,20121231,6012000,6016000,0,0,4269600
20110101,20121231,6016000,6020000,0,0,4272800
20110101,20121231,6020000,6024000,0,0,4276000
20110101,20121231,6024000,6028000,0,0,4279200
20110101,20121231,6028000,6032000,0,0,4282400
20110101,20121231,6032000,6036000,0,0,4285600
20110101,20121231,6036000,6040000,0,0,4288800
20110101,20121231,6040000,6044000,0,0,4292000
20110101,20121231,6044000,6048000,0,0,4295200
20110101,20121231,6048000,6052000,0,0,4298400
20110101,20121231,6052000,6056000,0,0,4301600
20110101,20121231,6056000,6060000,0,0,4304800
20110101,20121231,6060000,6064000,0,0,4308000
20110101,20121231,6064000,6068000,0,0,4311200
20110101,20121231,6068000,6072000,0,0,4314400
20110101,20121231,6072000,6076000,0,0,4317600
20110101,20121231,6076000,6080000,0,0,4320800
20110101,20121231,6080000,6084000,0,0,4324000
20110101,20121231,6084000,6088000,0,0,4327200
20110101,20121231,6088000,6092000,0,0,4330400
20110101,20121231,6092000,6096000,0,0,4333600
20110101,20121231,6096000,6100000,0,0,4336800
20110101,20121231,6100000,6104000,0,0,4340000
20110101,20121231,6104000,6108000,0,0,4343200
20110101,20121231,6108000,6112000,0,0,4346400
20110101,20121231,6112000,6116000,0,0,4349600
20110101,20121231,6116000,6120000,0,0,4352800
20110101,20121231,6120000,6124000,0,0,4356000
20110101,20121231,6124000,6128000,0,0,4359200
20110101,20121231,6128000,6132000,0,0,4362400
20110101,20121231,6132000,6136000,0,0,4365600
20110101,20121231,6136000,6140000,0,0,4368800
20110101,20121231,6140000,6144000,0,0,4372000
20110101,20121231,6144000,6148000,0,0,4375200
20110101,20121231,6148000,6152000,0,0,4378400
20110101,20121231,6152000,6156000,0,0,4381600
20110101,20121231,6156000,6160000,0,0,4384800
20110101,20121231,6160000,6164000,0,0,4388000
20110101,20121231,6164000,6168000,0,0,4391200
20110101,20121231,6168000,6172000,0,0,4394400
20110101,20121231,6172000,6176000,0,0,4397600
20110101,20121231,6176000,6180000,0,0,4400800
20110101,20121231,6180000,6184000,0,0,4404000
20110101,20121231,6184000,6188000,0,0,4407200
20110101,20121231,6188000,6192000,0,0,4410400
20110101,20121231,6192000,6196000,0,0,4413600
20110101,20121231,6196000,6200000,0,0,4416800
20110101,20121231,6200000,6204000,0,0,4420000
20110101,20121231,6204000,6208000,0,0,4423200
20110101,20121231,6208000,6212000,0,0,4426400
20110101,20121231,6212000,6216000,0,0,4429600
20110101,20121231,6216000,6220000,0,0,4432800
20110101,20121231,6220000,6224000,0,0,4436000
20110101,20121231,6224000,6228000,0,0,4439200
20110101,20121231,6228000,6232000,0,0,4442400
20110101,20121231,6232000,6236000,0,0,4445600
20110101,20121231,6236000,6240000,0,0,4448800
20110101,20121231,6240000,6244000,0,0,4452000
20110101,20121231,6244000,6248000,0,0,4455200
20110101,20121231,6248000,6252000,0,0,4458400
20110101,20121231,6252000,6256000,0,0,4461600
20110101,20121231,6256000,6260000,0,0,4464800
20110101,20121231,6260000,6264000,0,0,4468000
20110101,20121231,6264000,6268000,0,0,4471200
20110101,20121231,6268000,6272000,0,0,4474400
20110101,20121231,6272000,6276000,0,0,4477600
20110101,20121231,6276000,6280000,0,0,4480800
20110101,20121231,6280000,6284000,0,0,4484000
20110101,20121231,6284000,6288000,0,0,4487200
20110101,20121231,6288000,6292000,0,0,4490400
20110101,20121231,6292000,6296000,0,0,4493600
20110101,20121231,6296000,6300000,0,0,4496800
20110101,20121231,6300000,6304000,0,0,4500000
20110101,20121231,6304000,6308000,0,0,4503200
20110101,20121231,6308000,6312000,0,0,4506400
20110101,20121231,6312000,6316000,0,0,4509600
20110101,20121231,6316000,6320000,0,0,4512800
20110101,20121231,6320000,6324000,0,0,4516000
20110101,20121231,6324000,6328000,0,0,4519200
20110101,20121231,6328000,6332000,0,0,4522400
20110101,20121231,6332000,6336000,0,0,4525600
20110101,20121231,6336000,6340000,0,0,4528800
20110101,20121231,6340000,6344000,0,0,4532000
20110101,20121231,6344000,6348000,0,0,4535200
20110101,20121231,6348000,6352000,0,0,4538400
20110101,20121231,6352000,6356000,0,0,4541600
20110101,20121231,6356000,6360000,0,0,4544800
20110101,20121231,6360000,6364000,0,0,4548000
20110101,20121231,6364000,6368000,0,0,4551200
20110101,20121231,6368000,6372000,0,0,4554400
20110101,20121231,6372000,6376000,0,0,4557600
20110101,20121231,6376000,6380000,0,0,4560800
20110101,20121231,6380000,6384000,0,0,4564000
20110101,20121231,6384000,6388000,0,0,4567200
20110101,20121231,6388000,6392000,0,0,4570400
20110101,20121231,6392000,6396000,0,0,4573600
20110101,20121231,6396000,6400000,0,0,4576800
20110101,20121231,6400000,6404000,0,0,4580000
20110101,20121231,6404000,6408000,0,0,4583200
20110101,20121231,6408000,6412000,0,0,4586400
20110101,20121231,6412000,6416000,0,0,4589600
20110101,20121231,6416000,6420000,0,0,4592800
20110101,20121231,6420000,6424000,0,0,4596000
20110101,20121231,6424000,6428000,0,0,4599200
20110101,20121231,6428000,6432000,0,0,4602400
20110101,20121231,6432000,6436000,0,0,4605600
20110101,20121231,6436000,6440000,0,0,4608800
20110101,20121231,6440000,6444000,0,0,4612000
20110101,20121231,6444000,6448000,0,0,4615200
20110101,20121231,6448000,6452000,0,0,4618400
20110101,20121231,6452000,6456000,0,0,4621600
20110101,20121231,6456000,6460000,0,0,4624800
20110101,20121231,6460000,6464000,0,0,4628000
20110101,20121231,6464000,6468000,0,0,4631200
20110101,20121231,6468000,6472000,0,0,4634400
20110101,20121231,6472000,6476000,0,0,4637600
20110101,20121231,6476000,6480000,0,0,4640800
20110101,20121231,6480000,6484000,0,0,4644000
20110101,20121231,6484000,6488000,0,0,4647200
20110101,20121231,6488000,6492000,0,0,4650400
20110101,20121231,6492000,6496000,0,0,4653600
20110101,20121231,6496000,6500000,0,0,4656800
20110101,20121231,6500000,6504000,0,0,4660000
20110101,20121231,6504000,6508000,0,0,4663200
20110101,20121231,6508000,6512000,0,0,4666400
20110101,20121231,6512000,6516000,0,0,4669600
20110101,20121231,6516000,6520000,0,0,4672800
20110101,20121231,6520000,6524000,0,0,4676000
20110101,20121231,6524000,6528000,0,0,4679200
20110101,20121231,6528000,6532000,0,0,4682400
20110101,20121231,6532000,6536000,0,0,4685600
20110101,20121231,6536000,6540000,0,0,4688800
20110101,20121231,6540000,6544000,0,0,4692000
20110101,20121231,6544000,6548000,0,0,4695200
20110101,20121231,6548000,6552000,0,0,4698400
20110101,20121231,6552000,6556000,0,0,4701600
20110101,20121231,6556000,6560000,0,0,4704800
20110101,20121231,6560000,6564000,0,0,4708000
20110101,20121231,6564000,6568000,0,0,4711200
20110101,20121231,6568000,6572000,0,0,4714400
20110101,20121231,6572000,6576000,0,0,4717600
20110101,20121231,6576000,6580000,0,0,4720800
20110101,20121231,6580000,6584000,0,0,4724000
20110101,20121231,6584000,6588000,0,0,4727200
20110101,20121231,6588000,6592000,0,0,4730400
20110101,20121231,6592000,6596000,0,0,4733600
20110101,20121231,6596000,6600000,0,0,4736800
20110101,20121231,6600000,10000000,0.9,1200000,0
20110101,20121231,10000000,20000000,0.95,1700000,0
20110101,20121231,20000000,99999999,0,0,17300000